,row_id,cgid,label,description
6054,6866,20818,RN,RN
6055,6867,20819,RO,Read Only
6056,6868,20820,MD,Read Only
6057,6869,20821,RN,
6058,6870,20822,RN,
6059,6871,20823,RN,RN
6060,6872,20824,RPh,
6061,6873,20825,RN,
6062,6874,20826,RO,Read Only
6063,6875,20827,MD,Resident/Fellow/PA/NP
6064,6876,20828,RO,Read Only
6065,6877,20829,RD,
6066,6878,20830,RO,Read Only
6067,6879,20831,RN,RN
6068,6880,20832,RRT,
6069,6881,20833,RO,Read Only
6070,6882,20834,RN,
6071,6883,20835,NNP,
6072,6884,20836,LICSW,Read Only
6073,6885,20837,RO,Read Only
6074,6886,20838,MD,
6075,6887,20839,RO,Read Only
6076,6888,20840,RN,
6077,6889,20841,RO,Read Only
6078,6890,20842,std,
6079,6891,20843,RN,
6080,6892,20844,MD,
6081,6893,20845,RO,Read Only
6082,6894,20846,RNC,Read Only
6083,6895,20847,NP,
6084,6896,20848,RN,
6085,6897,20849,MDs,
6086,6898,20850,RO,Read Only
6087,6899,20851,RO,Read Only
6088,6900,20852,MD,
6089,6901,20853,MD,Resident/Fellow/PA/NP
6090,6902,20854,Res,Resident/Fellow/PA/NP
6091,6903,20855,RN,RN
6092,6904,20856,RN,RN
6093,6905,20857,Res,Resident/Fellow/PA/NP
6094,6906,20858,MD,Read Only
6095,6907,20859,MD,Read Only
6096,6908,20860,RO,Read Only
6097,6909,20861,RN,RN
6098,6910,20862,Co-Wkr,
6099,6911,20863,MD,
6100,6912,20864,RN,
6101,6913,20865,RO,Read Only
6102,6914,20866,RN,RN
6103,6915,20867,MD,
6104,6916,20868,RN,RN
6105,6917,20869,RO,Read Only
6106,6918,20870,PT,
6107,6919,20871,RN,RN
6108,6920,20872,RO,Read Only
6109,6921,20873,MD,Resident/Fellow/PA/NP
6110,6922,20874,RPh,
6111,6923,20875,MD,
6112,6924,20876,RO,Read Only
6113,6925,20877,RN,RN
6114,6926,20878,PCT,PCT/NA
6115,6927,20879,Rehab,Rehabilitation
6116,6928,20880,RPh,Pharmacist
6117,6929,20881,RO,Read Only
6118,6930,20882,RN,RN
6119,6931,20883,RO,Read Only
6120,6932,20884,Res,Resident/Fellow/PA/NP
6121,6933,20885,RO,Read Only
6122,6934,20886,MD,
6123,6935,20887,RN,Case Manager
6124,6936,20888,MD,
6125,6937,20889,IMD,IMD
6126,6938,20890,RN,RN
6127,6939,20891,Res,Resident/Fellow/PA/NP
6128,6940,20892,Rehab,Rehabilitation
6129,6941,20893,MS,
6130,6942,20894,Res,Resident/Fellow/PA/NP
6131,6943,20895,RO,Read Only
6132,6944,20896,MD,
6133,6945,20897,RO,Read Only
6134,6946,20898,MD,
6135,6947,20899,RO,Read Only
6136,6948,20900,RO,Read Only
6137,6949,20901,Res,Resident/Fellow/PA/NP
6138,6950,20902,Res,Resident/Fellow/PA/NP
6139,6951,20903,MDs,Read Only
6140,6952,20904,MS,
6141,6953,20905,RO,Read Only
6142,6954,20906,,
6143,6955,20907,DietIn,
6144,6956,20908,CoWker,
6145,6957,20909,MD,
6146,6958,20910,MS,
6147,6959,20911,Res,Resident/Fellow/PA/NP
6148,6960,20912,Res,Resident/Fellow/PA/NP
6149,6961,20913,RO,Read Only
6150,6962,20914,RRT,
6151,6963,20915,RO,Read Only
6152,6964,20916,SNP,
6153,6965,20917,RO,Read Only
6154,6966,20918,Res,Resident/Fellow/PA/NP
6155,6967,20919,Res,Resident/Fellow/PA/NP
6156,6968,20920,Res,Resident/Fellow/PA/NP
6157,6969,20921,MD,
6158,6970,20922,RN,RN
6159,6971,20923,Res,Resident/Fellow/PA/NP
6160,6972,20924,RN,RN
6161,6973,20925,Res,Resident/Fellow/PA/NP
6162,6974,20926,RPH,
6163,6975,20927,RO,Read Only
6164,6976,20928,MD,
6165,6977,20929,MDs,Resident/Fellow/PA/NP
6166,6978,20930,RO,Read Only
6167,6979,20931,RN,
6168,6980,20932,MD,
6169,6981,20933,Res,Resident/Fellow/PA/NP
6170,6982,20934,MD,
6171,6983,20935,RO,Read Only
6172,6984,20936,RO,Read Only
6173,6985,20937,MD,
6174,6986,20938,Rehab,Rehabilitation
6175,6987,20939,RN,RN
6176,6988,20940,MD,
6177,6989,20941,Res,Resident/Fellow/PA/NP
6178,6990,20942,RN,RN
6179,6991,20943,RO,Read Only
6180,6992,20944,CM,Case Manager
6181,6993,20945,Res,
6182,6994,20946,Res,Resident/Fellow/PA/NP
6183,6995,20947,RO,Read Only
6184,6996,20948,RN,
6185,6997,20949,Unit A,
6186,6998,20950,Res,Resident/Fellow/PA/NP
6187,6999,20951,RN,RN
6188,7000,20952,Res,Resident/Fellow/PA/NP
6189,7001,20953,Res,Resident/Fellow/PA/NP
6190,7002,20954,RO,Read Only
6191,7003,20955,,
6192,7004,20956,Res,Resident/Fellow/PA/NP
6193,7005,20957,RPh,
6194,7006,20958,Res,Resident/Fellow/PA/NP
6195,7007,20959,Res,Resident/Fellow/PA/NP
6196,7008,20960,ms,
6197,7009,20961,taf,Read Only
6198,7010,20962,RN,
6199,7011,20963,RN,
6200,7012,20964,RRT,
6201,7013,20965,tap,Read Only
6202,7014,20966,RN,
6203,7015,20967,MD,
6204,7016,20968,MD,
6205,7017,20969,RO,Read Only
6206,7018,20970,RRT,Respiratory
6207,7019,20971,RN,RN
6208,7020,20972,MD,
6209,7021,20973,RN,RN
6210,7022,20974,RPH,Pharmacist
6211,7023,20975,RPH,Pharmacist
6212,7024,20976,RN,
6213,7025,20977,UA,Attending
6214,6544,20978,MDs,Read Only
6215,6545,20979,Res,Resident/Fellow/PA/NP
6216,6546,20980,MD,
6217,6547,20981,RO,Read Only
6218,6548,20982,MD,
6219,6549,20983,Res,Resident/Fellow/PA/NP
6220,6550,20984,Res,Resident/Fellow/PA/NP
6221,6551,20985,Res,Resident/Fellow/PA/NP
6222,6552,20986,MD,Read Only
6223,6553,20987,MD,
6224,6554,20988,RN,
6225,6555,20989,RO,Read Only
6226,6556,20990,RN,
6227,6557,20991,RO,Read Only
6228,6558,20992,RN,
6229,6559,20993,RO,Read Only
6230,6560,20994,RO,Read Only
6231,6561,20995,RO,Read Only
6232,6562,20996,RO,Read Only
6233,6563,20997,RO,Read Only
6234,6564,20998,MS,
6235,6565,20999,RO,Read Only
6236,6566,21000,RO,Read Only
6237,6567,21001,UCO,
6238,6568,21002,RN,Read Only
6239,6569,21003,Rehab,Rehabilitation
6240,6570,21004,StPHa,
6241,6571,21005,RRT,
6242,6572,21006,RN,RN
6243,6573,21007,RO,Read Only
6244,6574,21008,MD,
6245,6575,21009,RO,Read Only
6246,6576,21010,SW,Social Worker
6247,6577,21011,MS,
6248,6578,21012,Res,Resident/Fellow/PA/NP
6249,6579,21013,RO,Read Only
6250,6580,21014,MD,
6251,6581,21015,MD,Resident/Fellow/PA/NP
6252,6582,21016,RO,Read Only
6253,6583,21017,MD,
6254,6584,21018,RO,Read Only
6255,6585,21019,RO,Read Only
6256,6586,21020,RN,RN
6257,6587,21021,RO,Read Only
6258,6588,21022,Res,Resident/Fellow/PA/NP
6259,6589,21023,MS,
6260,6590,21024,MD,
6261,6591,21025,RN,RN
6262,6592,21026,RO,Read Only
6263,6593,21027,RO,Read Only
6264,6594,21028,RO,Read Only
6265,7320,21029,RO,Read Only
6266,7321,21030,ms,
6267,7322,21031,RO,Read Only
6268,7323,21032,Stn MD,
6269,7324,21033,RN,
6270,7325,21034,RO,Read Only
6271,7326,21035,RN,
6272,7327,21036,PA,
6273,7328,21037,MD,
6274,7329,21038,Res,Resident/Fellow/PA/NP
6275,7330,21039,Res,Resident/Fellow/PA/NP
6276,7331,21040,RPh,
6277,7332,21041,Res,Resident/Fellow/PA/NP
6278,7333,21042,RRT,
6279,7334,21043,RO,Read Only
6280,7335,21044,MedSt,
6281,7336,21045,MD,
6282,7337,21046,RN,
6283,7338,21047,PSt,
6284,7339,21048,MD,
6285,7340,21049,MD,
6286,7341,21050,RN,RN
6287,7342,21051,RRT,
6288,7343,21052,RN,
6289,7344,21053,RRT,
6290,7345,21054,PCT,PCT/NA
6291,7346,21055,MD,
6292,7347,21056,RN,RN
6293,7348,21057,RO,Read Only
6294,7349,21058,RN,RN
6295,7350,21059,Res,Resident/Fellow/PA/NP
6296,7351,21060,Res,Resident/Fellow/PA/NP
6297,7352,21061,RO,Read Only
6298,7353,21062,RN,RN
6299,7354,21063,Res,Resident/Fellow/PA/NP
6300,7355,21064,Res,Resident/Fellow/PA/NP
6301,7356,21065,MD,
6302,7357,21066,RPh,
6303,7358,21067,RO,Read Only
6304,7359,21068,RO,Read Only
6305,7360,21069,MD,Read Only
6306,7361,21070,MD,Attending
6307,7362,21071,MD,
6308,7363,21072,RO,Read Only
6309,7364,21073,RO,Read Only
6310,7365,21074,RPh,
6311,7366,21075,Rehab,Rehabilitation
6312,7367,21076,RO,Read Only
6313,7368,21077,MD,
6314,7369,21078,PS,
6315,7370,21079,MDs,
6316,7371,21080,RO,Read Only
6317,7372,21081,PracSt,
6318,7373,21082,MD,
6319,7374,21083,NP,
6320,7375,21084,RRt,Respiratory
6321,7376,21085,RO,Read Only
6322,7377,21086,RO,Read Only
6323,7378,21087,RO,Read Only
6324,7379,21088,UCO,
6325,7380,21089,Res,Resident/Fellow/PA/NP
6326,7381,21090,MD,
6327,7382,21091,Res,Resident/Fellow/PA/NP
6328,7383,21092,RO,Read Only
6329,7384,21093,RN,
6330,7385,21094,MS,
6331,7386,21095,RN,
6332,7387,21096,RN,
6333,7388,21097,RRT,
6334,7389,21098,RN,RN
6335,7390,21099,RO,Read Only
6336,7391,21100,RO,Read Only
6337,7392,21101,RO,Read Only
6338,7393,21102,MDS,Resident/Fellow/PA/NP
6339,7394,21103,RO,Read Only
6340,7395,21104,RPH,Pharmacist
6341,7396,21105,Rehab,Rehabilitation
6342,7397,21106,RN,RN
6343,7398,21107,Res,Resident/Fellow/PA/NP
6344,7399,21108,RN,RN
6345,7400,21109,RO,Read Only
6346,7401,21110,RD,
6347,7402,21111,Res,Resident/Fellow/PA/NP
6348,7403,21112,PCT,PCT/NA
6349,7404,21113,Res,Resident/Fellow/PA/NP
6350,7405,21114,Res,Resident/Fellow/PA/NP
6351,7406,21115,MD,
6352,7407,21116,RN,RN
6353,7408,21117,RD,
6354,7409,21118,RRT,
6355,7410,21119,RN,RN
6356,7411,21120,Res,Resident/Fellow/PA/NP
6357,7412,21121,MD,Attending
6358,7413,21122,RRTs,
6359,7414,21123,MDs,Read Only
6360,7415,21124,Rehab,Rehabilitation
6361,7416,21125,MD,Resident/Fellow/PA/NP
6362,7417,21126,MD,
6363,7418,21127,MD,Attending
6364,7419,21128,CM,Case Manager
6365,7420,21129,Res,Resident/Fellow/PA/NP
6366,7421,21130,Res,Resident/Fellow/PA/NP
6367,7422,21131,RPH,
6368,7423,21132,MD,Attending
6369,7424,21133,Rehab,Rehabilitation
6370,7425,21134,Res,Resident/Fellow/PA/NP
6371,7426,21135,Res,Resident/Fellow/PA/NP
6372,7427,21136,RN,
6373,7428,21137,MD,
6374,7429,21138,RO,Read Only
6375,7430,21139,RO,Read Only
6376,7431,21140,MS,Resident/Fellow/PA/NP
6377,7432,21141,RO,Read Only
6378,7433,21142,MedStu,
6379,7434,21143,RN,RN
6380,7435,21144,RO,Read Only
6381,7436,21145,MD,Read Only
6382,7437,21146,RO,Read Only
6383,7438,21147,RO,Read Only
6384,7439,21148,"MD,PhD",
6385,7440,21149,RN,RN
6386,7441,21150,Res,Resident/Fellow/PA/NP
6387,7442,21151,RPH,
6388,7443,21152,RO,Read Only
6389,7444,21153,RO,Read Only
6390,7445,21154,UCO,
6391,7446,21155,MD,
6392,7447,21156,Res,Resident/Fellow/PA/NP
6393,7448,21157,RO,Read Only
6394,7449,21158,MDs,
6395,7450,21159,UCO,UCO
6396,7451,21160,PCT,
6397,7452,21161,MD,Resident/Fellow/PA/NP
6398,7453,21162,RO,Read Only
6399,7454,21163,MDs,
6400,7455,21164,RN,RN
6401,7456,21165,RN,RN
6402,7457,21166,Res,Resident/Fellow/PA/NP
6403,7458,21167,CoWkr,
6404,7459,21168,RO,Read Only
6405,7460,21169,RO,Read Only
6406,7461,21170,RT,Respiratory
6407,7462,21171,Res,Resident/Fellow/PA/NP
6408,7463,21172,Res,Resident/Fellow/PA/NP
6409,7464,21173,MD,Attending
6410,7465,21174,RO,Read Only
6411,7466,21175,Rehab,Rehabilitation
6412,7467,21176,Res,Resident/Fellow/PA/NP
6413,7468,21177,MD,Attending
6414,7469,21178,Res,Resident/Fellow/PA/NP
6415,7470,21179,SW,Social Worker
6416,7471,21180,RO,Read Only
6417,7472,21181,RO,Read Only
6418,7473,21182,MD,
6419,7474,21183,MD,Resident/Fellow/PA/NP
6420,7475,21184,RN,
6421,7476,21185,RO,Read Only
6422,7477,21186,Rehab,Rehabilitation
6423,7478,21187,RO,Read Only
6424,7479,21188,RN,
6425,7480,21189,RN,RN
6426,7481,21190,res,
6427,7482,21191,Res,Resident/Fellow/PA/NP
6428,7483,21192,Res,Resident/Fellow/PA/NP
6429,7484,21193,RPH,Pharmacist
6430,7485,21194,Res,Resident/Fellow/PA/NP
6431,7486,21195,RO,Read Only
6432,7487,21196,RO,Read Only
6433,7488,21197,RRT,
6434,7489,21198,RN,RN
6435,7490,21199,MD,
6436,7491,21200,MedSt,
6437,7492,21201,MD,
6438,7493,21202,Rn,RN
6439,7494,21203,MD,Resident/Fellow/PA/NP
6440,7495,21204,RN,RN
6441,7496,21205,RN,RN
6442,7497,21206,UA,UCO
6443,7498,21207,MD,
6444,7499,21208,Res,Resident/Fellow/PA/NP
6445,7500,21209,MD,
6446,7501,21210,MD,
6447,7502,21211,VS,
6448,7503,21212,MedStu,
6449,7504,21213,Res,Resident/Fellow/PA/NP
6450,7505,21214,MD,
6451,7506,21215,MD,Read Only
6452,7507,21216,MD,
6453,7508,21217,Res,Resident/Fellow/PA/NP
6454,7509,21218,RN,
6455,7510,21219,MD,
6456,7511,21220,MS,Read Only
6457,7512,21221,RO,Read Only
6458,7513,21222,MD,Read Only
6459,7514,21223,RD,Dietitian
6460,7515,21224,Res,Resident/Fellow/PA/NP
6461,7516,21225,RN,
6462,7517,21226,RN,
6463,7518,21227,Res,Resident/Fellow/PA/NP
6464,7519,21228,MD,
6465,7520,21229,RO,Read Only
6466,7521,21230,RN,
6467,7522,21231,RN,
6468,7523,21232,RN,Read Only
6469,7524,21233,RD,Dietitian
6470,7525,21234,MS,
6471,7526,21235,RO,Read Only
6472,7527,21236,PCT,PCT/NA
6473,7528,21237,Admin,Administrator
6474,7529,21238,MD,
6475,7530,21239,MD,
6476,7531,21240,MD,
6477,7532,21241,RO,Read Only
6478,7533,21242,MDs,Resident/Fellow/PA/NP
6479,7534,21243,Rehab,Rehabilitation
6480,7535,21244,RO,Read Only
6481,7536,21245,Res,Resident/Fellow/PA/NP
6482,7537,21246,RO,Read Only
6483,7538,21247,RO,Read Only
6484,7539,21248,Res,Resident/Fellow/PA/NP
6485,7540,21249,SW,Social Worker
6486,7541,21250,RO,Read Only
6487,7542,21251,Rehab,Rehabilitation
6488,7543,21252,Res,Resident/Fellow/PA/NP
6489,7544,21253,UCO,UCO
6490,7545,21254,MD,
6491,7546,21255,RPH,Pharmacist
6492,7547,21256,Res,Resident/Fellow/PA/NP
6493,7548,21257,RN,RN
6494,7549,21258,RRT,
6495,7550,21259,MD,Read Only
6496,7551,21260,MD,Read Only
6497,7552,21261,RPh,
6498,7553,21262,Res,Resident/Fellow/PA/NP
6499,6115,20068,RN,
6500,6116,20069,RO,Read Only
6501,6117,20070,RN,RN
6502,6118,20071,Res,Resident/Fellow/PA/NP
6503,6119,20072,RD,Dietitian
6504,6120,20073,Rehab,Rehabilitation
6505,6121,20074,RN,RN
6506,6122,20075,RO,Read Only
6507,6123,20076,RO,Read Only
6508,6124,20077,RO,Read Only
6509,6125,20078,RRT,
6510,6126,20079,MD,
6511,6127,20080,RO,Read Only
6512,6128,20081,RN,RN
6513,6129,20082,Res,Resident/Fellow/PA/NP
6514,5640,20083,SW,Social Worker
6515,5641,20084,RO,Read Only
6516,5642,20085,RO,Read Only
6517,5643,20086,PCT,PCT/NA
6518,5644,20087,Res,Resident/Fellow/PA/NP
6519,5645,20088,RN,RN
6520,5646,20089,Res,Resident/Fellow/PA/NP
6521,5647,20090,Rehab,Rehabilitation
6522,5648,20091,RO,Read Only
6523,5649,20092,MD,
6524,5650,20093,MD,
6525,5651,20094,RO,Read Only
6526,5652,20095,MD,Attending
6527,5653,20096,MD,Attending
6528,5654,20097,Res,Resident/Fellow/PA/NP
6529,5655,20098,Res,Resident/Fellow/PA/NP
6530,5656,20099,SW,Social Worker
6531,5657,20100,RO,Read Only
6532,5658,20101,UC,UCO
6533,5659,20102,RO,Read Only
6534,5660,20103,MD,Attending
6535,5661,20104,NP,
6536,5662,20105,MD,Attending
6537,5663,20106,Rn,RN
6538,5664,20107,MS,
6539,5665,20108,PCT,PCT/NA
6540,5666,20109,RO,Read Only
6541,5667,20110,Res,Resident/Fellow/PA/NP
6542,5668,20111,RRT,Respiratory
6543,5669,20112,RN,
6544,5670,20113,RTStu,
6545,5671,20114,RN,RN
6546,5672,20115,RN,Read Only
6547,5673,20116,RO,Read Only
6548,5674,20117,RN,RN
6549,5675,20118,Res,Resident/Fellow/PA/NP
6550,5676,20119,Res,Resident/Fellow/PA/NP
6551,5677,20120,Rehab,Rehabilitation
6552,5678,20121,Res,Resident/Fellow/PA/NP
6553,5679,20122,Res,Resident/Fellow/PA/NP
6554,5680,20123,MSIV,
6555,5681,20124,CoWker,
6556,5682,20125,Par,Pharmacist
6557,5683,20126,RD,Dietitian
6558,5684,20127,Res,Resident/Fellow/PA/NP
6559,5685,20128,StuNur,
6560,5686,20129,Res,Resident/Fellow/PA/NP
6561,5687,20130,RT,Respiratory
6562,5688,20131,RN,RN
6563,5689,20132,RO,Read Only
6564,6130,20133,MS,
6565,6131,20134,RPh,Pharmacist
6566,6132,20135,Res,Resident/Fellow/PA/NP
6567,6133,20136,RN,
6568,6134,20137,RPH,Pharmacist
6569,6135,20138,Res,Resident/Fellow/PA/NP
6570,6136,20139,Res,Resident/Fellow/PA/NP
6571,6137,20140,RN,RN
6572,6138,20141,RO,Read Only
6573,6139,20142,Res,Resident/Fellow/PA/NP
6574,6140,20143,Res,Resident/Fellow/PA/NP
6575,6141,20144,Res,Resident/Fellow/PA/NP
6576,6142,20145,MD,Resident/Fellow/PA/NP
6577,6143,20146,RO,Read Only
6578,6144,20147,RO,Read Only
6579,6145,20148,RN,RN
6580,6146,20149,MD,
6581,6147,20150,RN,RN
6582,6148,20151,MD,
6583,6149,20152,RO,Read Only
6584,6150,20153,Res,Resident/Fellow/PA/NP
6585,6151,20154,RN,
6586,6152,20155,RO,Read Only
6587,6153,20156,RN,
6588,6154,20157,RD/LDN,Dietitian
6589,6155,20158,Ph.Stu,
6590,6156,20159,Res,Resident/Fellow/PA/NP
6591,6157,20160,PCT,PCT/NA
6592,6158,20161,RN,RN
6593,6159,20162,RO,Read Only
6594,6160,20163,MD,
6595,6161,20164,MD,Read Only
6596,6162,20165,RN,RN
6597,6163,20166,Rehab,Rehabilitation
6598,6164,20167,RO,Read Only
6599,6165,20168,RO,Read Only
6600,6166,20169,RO,Read Only
6601,6167,20170,Res,Resident/Fellow/PA/NP
6602,6168,20171,RN,RN
6603,6169,20172,RN,RN
6604,6170,20173,Res,Resident/Fellow/PA/NP
6605,6171,20174,RO,Read Only
6606,6172,20175,Res,Resident/Fellow/PA/NP
6607,6173,20176,Res,Resident/Fellow/PA/NP
6608,6174,20177,RO,Read Only
6609,6175,20178,RO,Read Only
6610,6176,20179,MDs,Read Only
6611,6177,20180,MS,
6612,6178,20181,RO,Read Only
6613,6179,20182,RO,Read Only
6614,6180,20183,HMSIV,
6615,6181,20184,RO,Read Only
6616,6182,20185,RO,Read Only
6617,6183,20186,RO,Read Only
6618,6184,20187,MDs,Resident/Fellow/PA/NP
6619,6185,20188,Res,Resident/Fellow/PA/NP
6620,6186,20189,RPH,Pharmacist
6621,6187,20190,RO,Read Only
6622,6188,20191,RO,Read Only
6623,6189,20192,MD,
6624,6190,20193,RN,RN
6625,6191,20194,SW,Social Worker
6626,6192,20195,MS,Resident/Fellow/PA/NP
6627,6193,20196,RO,Read Only
6628,6194,20197,MD,
6629,5500,19503,Res,Resident/Fellow/PA/NP
6630,5501,19504,MD,
6631,5502,19505,RO,Read Only
6632,5503,19506,CM,Case Manager
6633,5504,19507,Res,Resident/Fellow/PA/NP
6634,5505,19508,Res,Resident/Fellow/PA/NP
6635,5506,19509,MS,
6636,5507,19510,RT,Respiratory
6637,5508,19511,MD,
6638,5509,19512,Res,
6639,5510,19513,Rehab,Rehabilitation
6640,5511,19514,Rehab,Rehabilitation
6641,5512,19515,RO,Read Only
6642,5513,19516,MedSt,
6643,5514,19517,Rehab,Rehabilitation
6644,5515,19518,Res,Resident/Fellow/PA/NP
6645,5516,19519,Res,Resident/Fellow/PA/NP
6646,5517,19520,MS,
6647,5518,19521,SW,Social Worker
6648,5519,19522,PCT,PCT/NA
6649,5520,19523,PCT,PCT/NA
6650,5521,19524,MD,
6651,5522,19525,RN,RN
6652,5523,19526,RO,Read Only
6653,5524,19527,PrADM,
6654,5525,19528,RN,
6655,5526,19529,RO,Read Only
6656,5527,19530,LICSW,
6657,5528,19531,PA-C,Read Only
6658,5529,19532,RN,
6659,5530,19533,Ph.Stu,
6660,5531,19534,RNCM,
6661,5532,19535,Res,Resident/Fellow/PA/NP
6662,5533,19536,RO,Read Only
6663,5534,19537,MD,
6664,5535,19538,MD,
6665,5536,19539,RPH,Pharmacist
6666,5537,19540,Res,Resident/Fellow/PA/NP
6667,5538,19541,MD,
6668,5539,19542,Res,Resident/Fellow/PA/NP
6669,5540,19543,RN,RN
6670,5541,19544,SW,Social Worker
6671,5542,19545,Res,Resident/Fellow/PA/NP
6672,5543,19546,,
6673,5544,19547,MD,Attending
6674,5545,19548,RO,Read Only
6675,5546,19549,Rehab,Rehabilitation
6676,5547,19550,Res,Resident/Fellow/PA/NP
6677,5548,19551,RO,Read Only
6678,5549,19552,MD,Attending
6679,5550,19553,Res,Resident/Fellow/PA/NP
6680,5551,19554,RN,RN
6681,5552,19555,Res,Resident/Fellow/PA/NP
6682,5553,19556,Res,Resident/Fellow/PA/NP
6683,5554,19557,Res,Resident/Fellow/PA/NP
6684,5555,19558,Res,Resident/Fellow/PA/NP
6685,5556,19559,Res,Resident/Fellow/PA/NP
6686,5557,19560,SW,Social Worker
6687,5558,19561,RN,RN
6688,5559,19562,RN,RN
6689,5560,19563,MedStu,
6690,5561,19564,Rehab,Rehabilitation
6691,5562,19565,Res,Resident/Fellow/PA/NP
6692,5563,19566,Res,Resident/Fellow/PA/NP
6693,5564,19567,MD,
6694,5565,19568,StPh,
6695,5566,19569,Rehab,Rehabilitation
6696,5567,19570,RO,Read Only
6697,5568,19571,Res,Resident/Fellow/PA/NP
6698,5569,19572,RD,
6699,5570,19573,Res,Resident/Fellow/PA/NP
6700,5571,19574,Res,Resident/Fellow/PA/NP
6701,5572,19575,RO,Read Only
6702,5573,19576,Res,Resident/Fellow/PA/NP
6703,5574,19577,Res,Resident/Fellow/PA/NP
6704,5575,19578,Res,Resident/Fellow/PA/NP
6705,5576,19579,Res,Resident/Fellow/PA/NP
6706,5577,19580,Res,Resident/Fellow/PA/NP
6707,5578,19581,Rehab,Rehabilitation
6708,5579,19582,Res,Resident/Fellow/PA/NP
6709,5580,19583,HMS,
6710,5581,19584,RN,
6711,5582,19585,RRT,
6712,5583,19586,RO,Read Only
6713,5584,19587,RN,UCO
6714,5585,19588,RN,
6715,5586,19589,RN,RN
6716,5587,19590,RO,Read Only
6717,5588,19591,NNP,
6718,5589,19592,RO,Read Only
6719,5590,19593,RN,RN
6720,5591,19594,MS,
6721,5592,19595,RN,
6722,5593,19596,RN,RN
6723,5594,19597,STD,
6724,5595,19598,UCO,
6725,5596,19599,RNC,Read Only
6726,5597,19600,CoWkr,
6727,5598,19601,RO,Read Only
6728,5599,19602,MD,Attending
6729,5600,19603,RN,
6730,5601,19604,RN,
6731,5602,19605,RN,Read Only
6732,5603,19606,MD,
6733,5604,19607,RO,Read Only
6734,5605,19608,RO,Read Only
6735,5606,19609,CoWker,
6736,5607,19610,RN,RN
6737,5608,19611,RN,RN
6738,5609,19612,RN,
6739,5610,19613,RN,RN
6740,5611,19614,RN,
6741,5612,19615,RO,Read Only
6742,5613,19616,RO,Read Only
6743,5614,19617,MD,Resident/Fellow/PA/NP
6744,5615,19618,MD,
6745,5616,19619,MedSt,
6746,5617,19620,MD,
6747,5618,19621,MD,Resident/Fellow/PA/NP
6748,5619,19622,MD,
6749,5620,19623,RO,Read Only
6750,5621,19624,PT,
6751,5622,19625,MD,Resident/Fellow/PA/NP
6752,5623,19626,MD,
6753,5624,19627,Res,Resident/Fellow/PA/NP
6754,5625,19628,RD,
6755,5626,19629,Res,Resident/Fellow/PA/NP
6756,5627,19630,RD,Dietitian
6757,5628,19631,Res,Resident/Fellow/PA/NP
6758,5629,19632,DI,
6759,5630,19633,MD,
6760,5631,19634,RN,
6761,5632,19635,RPH,
6762,5633,19636,PA,Read Only
6763,5634,19637,RRT,Respiratory
6764,5635,19638,MD,
6765,5636,19639,MD,
6766,5637,19640,RN,RN
6767,5638,19641,RO,Read Only
6768,5639,19642,MD,Read Only
6769,5690,19643,RN,
6770,5691,19644,RO,Read Only
6771,5692,19645,MD,
6772,5693,19646,RN,
6773,5694,19647,RO,Read Only
6774,5695,19648,RRT,
6775,5696,19649,RN,Read Only
6776,5697,19650,RN,RN
6777,5698,19651,RN,
6778,5699,19652,RNs,
6779,5700,19653,RRT,Respiratory
6780,5701,19654,RO,Read Only
6781,5702,19655,RPh,
6782,5703,19656,RN,
6783,5704,19657,Res,Resident/Fellow/PA/NP
6784,5705,19658,Res,Resident/Fellow/PA/NP
6785,5706,19659,MD,
6786,5707,19660,MD,
6787,5708,19661,Res,Resident/Fellow/PA/NP
6788,5709,19662,Res,Resident/Fellow/PA/NP
6789,5710,19663,MD,
6790,5711,19664,RO,Read Only
6791,5712,19665,MS,
6792,5713,19666,ISSupp,
6793,5714,19667,CoWker,PCT/NA
6794,5715,19668,RO,Read Only
6795,5716,19669,MDs,Resident/Fellow/PA/NP
6796,5717,19670,RPh,
6797,5718,19671,RO,Read Only
6798,5719,19672,RO,Read Only
6799,5720,19673,RN,
6800,5721,19674,RD,Dietitian
6801,5722,19675,Res,Resident/Fellow/PA/NP
6802,5723,19676,Res,Resident/Fellow/PA/NP
6803,5724,19677,RO,Read Only
6804,5725,19678,Res,Resident/Fellow/PA/NP
6805,5726,19679,Rehab,Rehabilitation
6806,5727,19680,Res,Resident/Fellow/PA/NP
6807,5728,19681,RN,RN
6808,5729,19682,Res,Resident/Fellow/PA/NP
6809,5730,19683,Rehab,Rehabilitation
6810,5731,19684,RO,Read Only
6811,5732,19685,UA,
6812,5733,19686,Res,Resident/Fellow/PA/NP
6813,5734,19687,Res,Resident/Fellow/PA/NP
6814,5735,19688,,
6815,5736,19689,RN,RN
6816,5737,19690,Res,Resident/Fellow/PA/NP
6817,5738,19691,RO,Read Only
6818,5739,19692,MD,Attending
6819,5740,19693,RPh,Pharmacist
6820,5741,19694,RO,Read Only
6821,5742,19695,MD,
6822,5743,19696,RO,Read Only
6823,5744,19697,MD,Attending
6824,5745,19698,MD,
6825,5746,19699,Res,Resident/Fellow/PA/NP
6826,5747,19700,MD,
6827,5748,19701,MD,
6828,5749,19702,RO,Read Only
6829,5750,19703,MD,
6830,5751,19704,MD,Read Only
6831,5752,19705,MD,
6832,5753,19706,MD,
6833,5754,19707,RO,Read Only
6834,5755,19708,MD,
6835,5756,19709,Res,Resident/Fellow/PA/NP
6836,5757,19710,RN,RN
6837,5758,19711,RN,RN
6838,5759,19712,MD,
6839,5760,19713,RD,Dietitian
6840,5761,19714,Res,Resident/Fellow/PA/NP
6841,5762,19715,RO,Read Only
6842,5763,19716,Res,Resident/Fellow/PA/NP
6843,5764,19717,Res,Resident/Fellow/PA/NP
6844,5765,19718,Res,Resident/Fellow/PA/NP
6845,5766,19719,Res,Resident/Fellow/PA/NP
6846,5767,19720,,
6847,5768,19721,RN,RN
6848,5769,19722,MedStu,
6849,5770,19723,RO,Read Only
6850,5771,19724,MD,
6851,5772,19725,RO,Read Only
6852,5773,19726,,
6853,5774,19727,RO,Read Only
6854,5775,19728,MD,
6855,5776,19729,RO,Read Only
6856,5777,19730,Res,Resident/Fellow/PA/NP
6857,5778,19731,Res,Resident/Fellow/PA/NP
6858,5779,19732,CM,Case Manager
6859,5780,19733,MD,
6860,5781,19734,Res,Resident/Fellow/PA/NP
6861,5782,19735,Res,Resident/Fellow/PA/NP
6862,5783,19736,Rehab,Rehabilitation
6863,5784,19737,Res,Resident/Fellow/PA/NP
6864,5785,19738,Res,Resident/Fellow/PA/NP
6865,5786,19739,MD,
6866,5787,19740,RO,Read Only
6867,5788,19741,Res,Resident/Fellow/PA/NP
6868,5789,19742,UCO,UCO
6869,5790,19743,UCO,UCO
6870,5791,19744,MD,Attending
6871,5792,19745,RN,RN
6872,5793,19746,Res,Resident/Fellow/PA/NP
6873,5794,19747,RRT,Respiratory
6874,5795,19748,MD,Attending
6875,5796,19749,Res,Resident/Fellow/PA/NP
6876,5797,19750,RO,Read Only
6877,5798,19751,Res,Resident/Fellow/PA/NP
6878,5799,19752,Res,Resident/Fellow/PA/NP
6879,5800,19753,PCT,PCT/NA
6880,5801,19754,Res,Resident/Fellow/PA/NP
6881,5802,19755,RT,Respiratory
6882,5803,19756,MD,Attending
6883,5804,19757,Rehab,Rehabilitation
6884,5805,19758,MD,
6885,5806,19759,MD,Attending
6886,5807,19760,UCO,UCO
6887,5808,19761,UCO,UCO
6888,5809,19762,SW,Social Worker
6889,5810,19763,PCT,PCT/NA
6890,5811,19764,RN,RN
6891,5812,19765,CM,Case Manager
6892,5813,19766,Rehab,Rehabilitation
6893,5814,19767,PCT,PCT/NA
6894,5815,19768,Res,Resident/Fellow/PA/NP
6895,5816,19769,UCO,
6896,5817,19770,Res,Resident/Fellow/PA/NP
6897,5818,19771,RRT,
6898,5819,19772,RO,Read Only
6899,5820,19773,MD,
6900,5821,19774,MD,
6901,5822,19775,std,
6902,5823,19776,RT,Respiratory
6903,5824,19777,MD,Attending
6904,5825,19778,MD,
6905,5826,19779,MedSt,
6906,5827,19780,MD,Resident/Fellow/PA/NP
6907,5828,19781,CM,Case Manager
6908,5829,19782,PCT,PCT/NA
6909,5830,19783,RN,RN
6910,5831,19784,STD,
6911,5832,19785,Res,
6912,5833,19786,RN,RN
6913,5834,19787,Res,Resident/Fellow/PA/NP
6914,5835,19788,Res,Resident/Fellow/PA/NP
6915,5836,19789,PC,Pastoral Care
6916,5837,19790,Res,Resident/Fellow/PA/NP
6917,5838,19791,MD,
6918,5839,19792,MD,
6919,5840,19793,Res,Resident/Fellow/PA/NP
6920,5841,19794,RT,Respiratory
6921,5842,19795,RO,Read Only
6922,5843,19796,Res,Resident/Fellow/PA/NP
6923,5844,19797,RN,RN
6924,5845,19798,Res,Resident/Fellow/PA/NP
6925,5846,19799,Res,Resident/Fellow/PA/NP
6926,5847,19800,RN,RN
6927,5848,19801,MedStu,
6928,5849,19802,RO,Read Only
6929,5850,19803,RN,RN
6930,5851,19804,RN,RN
6931,5852,19805,Res,Resident/Fellow/PA/NP
6932,5853,19806,PCT,PCT/NA
6933,5854,19807,Res,Resident/Fellow/PA/NP
6934,5855,19808,PCT,PCT/NA
6935,5856,19809,Res,Resident/Fellow/PA/NP
6936,5857,19810,Res,Resident/Fellow/PA/NP
6937,5858,19811,RPh,Pharmacist
6938,5859,19812,RN,
6939,5860,19813,MS,
6940,5861,19814,RO,Read Only
6941,5862,19815,MD,
6942,5863,19816,MD,Attending
6943,5864,19817,MDs,
6944,5865,19818,RO,Read Only
6945,5866,19819,Res,
6946,5867,19820,RO,Read Only
6947,5868,19821,RN,
6948,5869,19822,MS,
6949,5870,19823,NP,
6950,5871,19824,MD,
6951,5872,19825,RN,
6952,5873,19826,MD,
6953,5874,19827,RO,Read Only
6954,5875,19828,RO,Read Only
6955,5876,19829,PCA,
6956,5877,19830,MDs,Resident/Fellow/PA/NP
6957,5878,19831,MSIV,
6958,5879,19832,RO,Read Only
6959,5880,19833,RO,Read Only
6960,5881,19834,MD,
6961,5882,19835,RO,Read Only
6962,5883,19836,RN,Read Only
6963,5884,19837,PCT,PCT/NA
6964,5885,19838,RN,RN
6965,5886,19839,MD,
6966,5887,19840,Res,Resident/Fellow/PA/NP
6967,5888,19841,RN,RN
6968,5889,19842,Res,Resident/Fellow/PA/NP
6969,5890,19843,Res,Resident/Fellow/PA/NP
6970,5891,19844,Res,Resident/Fellow/PA/NP
6971,5892,19845,MD,
6972,5893,19846,Res,Resident/Fellow/PA/NP
6973,5894,19847,MD,
6974,5895,19848,MD,
6975,5896,19849,MD,Resident/Fellow/PA/NP
6976,5897,19850,RO,Read Only
6977,5898,19851,RO,Read Only
6978,5899,19852,RO,Read Only
6979,5900,19853,Res,Resident/Fellow/PA/NP
6980,5901,19854,Res,Resident/Fellow/PA/NP
6981,5902,19855,MD,
6982,5903,19856,MD,
6983,5904,19857,RD,Dietitian
6984,5905,19858,MDs,Resident/Fellow/PA/NP
6985,5906,19859,MD,
6986,5907,19860,RPh,
6987,5908,19861,Res,Resident/Fellow/PA/NP
6988,5909,19862,MDs,Resident/Fellow/PA/NP
6989,5910,19863,Res,Resident/Fellow/PA/NP
6990,5911,19864,RO,Read Only
6991,5912,19865,MD,
6992,5913,19866,Res,Resident/Fellow/PA/NP
6993,5914,19867,Res,Resident/Fellow/PA/NP
6994,5915,19868,Res,Resident/Fellow/PA/NP
6995,5916,19869,Res,Resident/Fellow/PA/NP
6996,5917,19870,MD,
6997,5918,19871,MDs,Resident/Fellow/PA/NP
6998,5919,19872,MDs,Resident/Fellow/PA/NP
6999,5920,19873,RO,Read Only
7000,5921,19874,MS,Read Only
7001,5922,19875,Res,Resident/Fellow/PA/NP
7002,5923,19876,Res,Resident/Fellow/PA/NP
7003,5924,19877,RN,RN
7004,5925,19878,RN,RN
7005,5926,19879,Res,Resident/Fellow/PA/NP
7006,5927,19880,Res,Resident/Fellow/PA/NP
7007,5928,19881,Res,Resident/Fellow/PA/NP
7008,5929,19882,Res,Resident/Fellow/PA/NP
7009,5930,19883,RD,Dietitian
7010,5931,19884,RO,Read Only
7011,5932,19885,Res,Resident/Fellow/PA/NP
7012,5933,19886,RO,Read Only
7013,5934,19887,MD,Attending
7014,5935,19888,Ms,
7015,5936,19889,RRT,Respiratory
7016,5937,19890,RRT,Respiratory
7017,5938,19891,RN,RN
7018,5939,19892,Res,Resident/Fellow/PA/NP
7019,5940,19893,RO,Read Only
7020,5941,19894,MD,
7021,5942,19895,RN,PCT/NA
7022,5943,19896,PCT,PCT/NA
7023,5944,19897,RO,Read Only
7024,5945,19898,RO,Read Only
7025,5946,19899,Res,Resident/Fellow/PA/NP
7026,5947,19900,MD,
7027,5948,19901,MD,
7028,5949,19902,RRT,
7029,5950,19903,RN,
7030,5951,19904,MedStu,
7031,5952,19905,RO,Read Only
7032,5953,19906,StNuIV,
7033,5954,19907,RN,RN
7034,5955,19908,SRT,
7035,5956,19909,RO,Read Only
7036,5957,19910,RO,Read Only
7037,5958,19911,CoWkr,
7038,5959,19912,RO,Read Only
7039,5960,19913,MD,
7040,5961,19914,RO,Read Only
7041,5962,19915,RN,
7042,5963,19916,RO,Read Only
7043,5964,19917,RO,Read Only
7044,5965,19918,MS,
7045,5966,19919,PT,
7046,5967,19920,MS,
7047,5968,19921,Res,Resident/Fellow/PA/NP
7048,5969,19922,Res,Resident/Fellow/PA/NP
7049,5970,19923,Res,Resident/Fellow/PA/NP
7050,5971,19924,Res,Resident/Fellow/PA/NP
7051,5972,19925,Res,Resident/Fellow/PA/NP
7052,5973,19926,SW,Social Worker
7053,5974,19927,MD,Attending
7054,5975,19928,RO,Read Only
7055,5976,19929,MDs,Resident/Fellow/PA/NP
7056,5977,19930,RO,Read Only
7057,5978,19931,na,
7058,5979,19932,Res,Resident/Fellow/PA/NP
7059,5980,19933,Res,Resident/Fellow/PA/NP
7060,5981,19934,RT,Respiratory
7061,5982,19935,Res,Resident/Fellow/PA/NP
7062,5983,19936,Res,Resident/Fellow/PA/NP
7063,5984,19937,RNs,RN
7064,5985,19938,Res,Resident/Fellow/PA/NP
7065,5986,19939,RPh,
7066,5987,19940,RN,Read Only
7067,5988,19941,MD,
7068,5989,19942,RN,
7069,5990,19943,MD,
7070,5991,19944,RO,Read Only
7071,5992,19945,RN,
7072,5993,19946,RO,Read Only
7073,5994,19947,RN,RN
7074,5995,19948,RO,Read Only
7075,5996,19949,MD,
7076,5997,19950,RT,Respiratory
7077,5998,19951,Rehab,Rehabilitation
7078,5999,19952,Res,Resident/Fellow/PA/NP
7079,6000,19953,Res,Resident/Fellow/PA/NP
7080,6001,19954,PCT,PCT/NA
7081,6002,19955,RT,Respiratory
7082,6003,19956,Rehab,Rehabilitation
7083,6004,19957,PCT,PCT/NA
7084,6005,19958,UCO,UCO
7085,6006,19959,MDs,Read Only
7086,6007,19960,CoOPst,
7087,6008,19961,Res,Resident/Fellow/PA/NP
7088,6009,19962,RO,Read Only
7089,6010,19963,RN,RN
7090,6011,19964,UCO,
7091,6012,19965,RO,Read Only
7092,6013,19966,Admin,Administrator
7093,6014,19967,MD,Attending
7094,6015,19968,Res,Resident/Fellow/PA/NP
7095,6016,19969,RO,Read Only
7096,6017,19970,RO,Read Only
7097,6018,19971,OTR/L,
7098,6019,19972,RT Stu,
7099,6020,19973,MD,Read Only
7100,6021,19974,RO,Read Only
7101,6022,19975,RO,Read Only
7102,6023,19976,MD,
7103,6024,19977,Res,Resident/Fellow/PA/NP
7104,6025,19978,RO,Read Only
7105,6026,19979,MD,
7106,6027,19980,RN,
7107,6028,19981,RRT,
7108,6029,19982,RO,Read Only
7109,6030,19983,RO,Read Only
7110,6031,19984,MD,Attending
7111,6032,19985,RRT,
7112,6033,19986,RRT,
7113,6034,19987,RO,Read Only
7114,6035,19988,MD,
7115,6036,19989,RO,Read Only
7116,6037,19990,Res,Resident/Fellow/PA/NP
7117,6038,19991,RN,RN
7118,6039,19992,RO,Read Only
7119,6040,19993,Res,Resident/Fellow/PA/NP
7120,6041,19994,MD,Read Only
7121,6042,19995,MD,
7122,6043,19996,Res,Resident/Fellow/PA/NP
7123,6044,19997,RO,Read Only
7124,6045,19998,PC,Pastoral Care
7125,6046,19999,RPH,Pharmacist
7126,6047,20000,Res,Resident/Fellow/PA/NP
7127,6048,20001,RPH,Pharmacist
7128,6049,20002,Res,Resident/Fellow/PA/NP
7129,6050,20003,RPh,Pharmacist
7130,6051,20004,Res,Resident/Fellow/PA/NP
7131,6052,20005,MD,Read Only
7132,6053,20006,RO,Read Only
7133,6054,20007,MD,
7134,6055,20008,MS,
7135,6056,20009,PCT,PCT/NA
7136,6057,20010,Res,Resident/Fellow/PA/NP
7137,6058,20011,RO,Read Only
7138,6059,20012,MD,Resident/Fellow/PA/NP
7139,6060,20013,Res,Resident/Fellow/PA/NP
7140,6061,20014,RN,
7141,6062,20015,Res,Resident/Fellow/PA/NP
7142,6063,20016,RO,Read Only
7143,6064,20017,MDs,Read Only
7144,6065,20018,MD,
7145,6066,20019,RO,Read Only
7146,6067,20020,RRT,
7147,6068,20021,RT,Read Only
7148,6069,20022,MD,Resident/Fellow/PA/NP
7149,7554,21263,RO,Read Only
7150,7555,21264,MD,
7151,7556,21265,Res,Resident/Fellow/PA/NP
7152,7557,21266,MD,
7153,7558,21267,Res,Resident/Fellow/PA/NP
7154,7559,21268,Rehab,Rehabilitation
7155,7560,21269,RPh,Read Only
7156,7561,21270,MD,Attending
7157,7562,21271,Res,Resident/Fellow/PA/NP
7158,7563,21272,Rehab,Rehabilitation
7159,7564,21273,Res,Resident/Fellow/PA/NP
7160,7565,21274,Rehab,Rehabilitation
7161,7566,21275,RPH,Pharmacist
7162,7567,21276,Res,Resident/Fellow/PA/NP
7163,7026,21277,Res,Resident/Fellow/PA/NP
7164,7027,21278,Res,Resident/Fellow/PA/NP
7165,7028,21279,MD,
7166,7029,21280,Res,Resident/Fellow/PA/NP
7167,7030,21281,CM,Case Manager
7168,7031,21282,Res,Resident/Fellow/PA/NP
7169,7032,21283,Res,Resident/Fellow/PA/NP
7170,7033,21284,MD,Attending
7171,7034,21285,Res,Resident/Fellow/PA/NP
7172,7035,21286,CM,Case Manager
7173,7036,21287,CM,Case Manager
7174,7037,21288,RN,RN
7175,7038,21289,Res,Resident/Fellow/PA/NP
7176,7039,21290,RN,RN
7177,7040,21291,RN,RN
7178,7041,21292,Ph Stu,
7179,7042,21293,St,
7180,7043,21294,RTS,
7181,7044,21295,MD,Read Only
7182,7045,21296,RN,
7183,7046,21297,RN,RN
7184,7047,21298,RO,Read Only
7185,7048,21299,MD,
7186,7049,21300,SRT,
7187,7050,21301,Res,Resident/Fellow/PA/NP
7188,7051,21302,Res,Resident/Fellow/PA/NP
7189,7052,21303,CM,Case Manager
7190,7053,21304,RN,RN
7191,7054,21305,RN,RN
7192,7055,21306,Res,Resident/Fellow/PA/NP
7193,7056,21307,CM,Case Manager
7194,7057,21308,RN,RN
7195,7058,21309,CM,Case Manager
7196,7059,21310,CM,Case Manager
7197,7060,21311,Admin,Administrator
7198,7061,21312,Res,Resident/Fellow/PA/NP
7199,7062,21313,Rehab,Rehabilitation
7200,7063,21314,Rehab,Rehabilitation
7201,7064,21315,RN,RN
7202,7065,21316,Rehab,Rehabilitation
7203,7066,21317,RO,Read Only
7204,7067,21318,RN,RN
7205,7068,21319,MS,Respiratory
7206,7069,21320,Res,Resident/Fellow/PA/NP
7207,7070,21321,RN,RN
7208,7071,21322,RT,Respiratory
7209,7072,21323,RN,
7210,7073,21324,PCT,PCT/NA
7211,7074,21325,RO,Read Only
7212,7075,21326,RN,RN
7213,7076,21327,RN,RN
7214,7077,21328,MD,Attending
7215,7078,21329,ISSupp,
7216,7079,21330,RO,Read Only
7217,7080,21331,MD,
7218,7081,21332,ISOPS,Administrator
7219,7082,21333,RO,Read Only
7220,7083,21334,MD,
7221,7084,21335,RN,RN
7222,7085,21336,RNs,RN
7223,7086,21337,RO,Read Only
7224,7087,21338,RO,Read Only
7225,7088,21339,MD,Read Only
7226,7089,21340,Res,Resident/Fellow/PA/NP
7227,7090,21341,RN,RN
7228,7091,21342,MS,
7229,7092,21343,RO,Read Only
7230,7093,21344,MD,
7231,7094,21345,RO,Read Only
7232,7095,21346,MD,
7233,7096,21347,PCT,
7234,7097,21348,RO,Read Only
7235,7098,21349,MD,
7236,7099,21350,,PCT/NA
7237,7100,21351,MD,
7238,7101,21352,RN,
7239,7102,21353,RO,Read Only
7240,7103,21354,MDs,Resident/Fellow/PA/NP
7241,7104,21355,RRT,Read Only
7242,7105,21356,RO,Read Only
7243,7106,21357,RO,Read Only
7244,7107,21358,Res,Resident/Fellow/PA/NP
7245,7108,21359,SW,Social Worker
7246,7109,21360,Res,Resident/Fellow/PA/NP
7247,7110,21361,PCT,PCT/NA
7248,7111,21362,PC,Pastoral Care
7249,7112,21363,RO,Read Only
7250,7113,21364,MD,
7251,7114,21365,Res,Resident/Fellow/PA/NP
7252,7115,21366,Res,Resident/Fellow/PA/NP
7253,7116,21367,RT,Respiratory
7254,7117,21368,MD,Read Only
7255,7118,21369,Rehab,Rehabilitation
7256,7119,21370,Intern,Resident/Fellow/PA/NP
7257,7120,21371,RO,Read Only
7258,7121,21372,Res,Resident/Fellow/PA/NP
7259,7122,21373,RD,Dietitian
7260,7123,21374,Res,Resident/Fellow/PA/NP
7261,7124,21375,Res,Resident/Fellow/PA/NP
7262,7125,21376,Res,Resident/Fellow/PA/NP
7263,7126,21377,Res,Resident/Fellow/PA/NP
7264,7127,21378,RO,Read Only
7265,7128,21379,RPH,Pharmacist
7266,7129,21380,RD,Dietitian
7267,7130,21381,MD,
7268,7131,21382,SW,Social Worker
7269,7132,21383,Res,Resident/Fellow/PA/NP
7270,7133,21384,Rehab,Rehabilitation
7271,7134,21385,RO,Read Only
7272,7135,21386,RN,RN
7273,7136,21387,Res,Resident/Fellow/PA/NP
7274,7137,21388,Res,Resident/Fellow/PA/NP
7275,7138,21389,Res,Resident/Fellow/PA/NP
7276,7139,21390,Res,Resident/Fellow/PA/NP
7277,7140,21391,MD,
7278,7141,21392,Res,Resident/Fellow/PA/NP
7279,7142,21393,MD,Read Only
7280,7143,21394,RO,Read Only
7281,7144,21395,Res,Resident/Fellow/PA/NP
7282,7145,21396,MD,
7283,7146,21397,Res,Resident/Fellow/PA/NP
7284,7147,21398,Res,Resident/Fellow/PA/NP
7285,7148,21399,RN,RN
7286,7149,21400,RO,Read Only
7287,7150,21401,MedSt,
7288,7151,21402,Res,Resident/Fellow/PA/NP
7289,7152,21403,RO,Read Only
7290,7153,21404,RO,Read Only
7291,7154,21405,Res,Resident/Fellow/PA/NP
7292,7155,21406,RD,Dietitian
7293,7156,21407,RO,Read Only
7294,7157,21408,RO,Read Only
7295,7158,21409,RO,Read Only
7296,7159,21410,RO,Read Only
7297,7160,21411,Res,Resident/Fellow/PA/NP
7298,7161,21412,MS,Resident/Fellow/PA/NP
7299,7162,21413,RD,Dietitian
7300,7163,21414,RO,Read Only
7301,7164,21415,Res,Resident/Fellow/PA/NP
7302,7165,21416,MDs,
7303,7166,21417,RO,Read Only
7304,7167,21418,CoWker,PCT/NA
7305,7168,21419,PC,Pastoral Care
7306,7169,21420,MD,
7307,7170,21421,UA,UCO
7308,7171,21422,RN,
7309,7172,21423,RO,Read Only
7310,7173,21424,MS,
7311,7174,21425,MD,
7312,7175,21426,MDs,
7313,7176,21427,MD,Read Only
7314,7177,21428,Res,Resident/Fellow/PA/NP
7315,7178,21429,RO,Read Only
7316,7179,21430,RO,Read Only
7317,7180,21431,Res,Resident/Fellow/PA/NP
7318,7181,21432,Res,Resident/Fellow/PA/NP
7319,7182,21433,Res,Resident/Fellow/PA/NP
7320,7183,21434,Res,Resident/Fellow/PA/NP
7321,7184,21435,RN,RN
7322,7185,21436,Res,Resident/Fellow/PA/NP
7323,7186,21437,PCT,PCT/NA
7324,7187,21438,MD,
7325,7188,21439,MDs,
7326,7189,21440,RO,Read Only
7327,7190,21441,MD,Resident/Fellow/PA/NP
7328,7191,21442,Res,Resident/Fellow/PA/NP
7329,7192,21443,Res,Resident/Fellow/PA/NP
7330,7193,21444,RPH,Read Only
7331,7194,21445,RO,Read Only
7332,7195,21446,RO,Read Only
7333,7196,21447,MDs,Resident/Fellow/PA/NP
7334,7197,21448,RO,Read Only
7335,7198,21449,RO,Read Only
7336,7199,21450,Res,Resident/Fellow/PA/NP
7337,7200,21451,RPH,
7338,7201,21452,RN,RN
7339,7202,21453,RO,Read Only
7340,7203,21454,RO,Read Only
7341,7204,21455,MD,
7342,7205,21456,RN,
7343,7206,21457,Rehab,Rehabilitation
7344,7207,21458,Rehab,Rehabilitation
7345,7208,21459,RN,RN
7346,7209,21460,Res,Resident/Fellow/PA/NP
7347,7210,21461,RO,Read Only
7348,7211,21462,CM,Case Manager
7349,7212,21463,RO,Read Only
7350,7213,21464,RPH,Pharmacist
7351,7214,21465,Res,Resident/Fellow/PA/NP
7352,7215,21466,Res,Resident/Fellow/PA/NP
7353,7216,21467,Res,Resident/Fellow/PA/NP
7354,7217,21468,Res,Resident/Fellow/PA/NP
7355,7218,21469,MD,Attending
7356,7219,21470,STD,
7357,7220,21471,Res,Resident/Fellow/PA/NP
7358,7221,21472,RN,RN
7359,7222,21473,RN,RN
7360,7223,21474,Res,Resident/Fellow/PA/NP
7361,7224,21475,Rehab,Rehabilitation
7362,7225,21476,RN,RN
7363,7226,21477,RO,Read Only
7364,7227,21478,Res,Resident/Fellow/PA/NP
7365,7228,21479,RO,Read Only
7366,7229,21480,RPH,Pharmacist
7367,7230,21481,Res,Resident/Fellow/PA/NP
7368,7231,21482,Res,Resident/Fellow/PA/NP
7369,7232,21483,RO,Read Only
7370,7233,21484,Res,Resident/Fellow/PA/NP
7371,7234,21485,MDs,Read Only
7372,7235,21486,Res,Resident/Fellow/PA/NP
7373,7236,21487,Rehab,Rehabilitation
7374,7237,21488,RT,Respiratory
7375,7238,21489,RO,Read Only
7376,7239,21490,Res,Resident/Fellow/PA/NP
7377,7240,21491,MD,Attending
7378,7241,21492,RN,RN
7379,7242,21493,Res,Resident/Fellow/PA/NP
7380,7243,21494,Res,Resident/Fellow/PA/NP
7381,7244,21495,Res,Resident/Fellow/PA/NP
7382,7245,21496,Res,Resident/Fellow/PA/NP
7383,7246,21497,Rehab,Rehabilitation
7384,7247,21498,Res,Resident/Fellow/PA/NP
7385,7248,21499,RN,RN
7386,7249,21500,RO,Read Only
7387,7250,21501,Res,Resident/Fellow/PA/NP
7388,7251,21502,RO,Read Only
7389,7252,21503,Res,Resident/Fellow/PA/NP
7390,7253,21504,SW,Social Worker
7391,7254,21505,CM,Case Manager
7392,7255,21506,RPH,Pharmacist
7393,7256,21507,Res,Resident/Fellow/PA/NP
7394,7257,21508,,
7395,7258,21509,md,
7396,7259,21510,md,
7397,7260,21511,RO,Read Only
7398,7261,21512,IMD,IMD
7399,7262,21513,rrt,
7400,7263,21514,Rehab,Rehabilitation
7401,7264,21515,MD,
7402,7265,21516,,
7403,7266,21517,,
7404,7267,21518,,
7405,7268,21519,,
7406,7269,21520,,
7407,7270,21521,RN,RN
7408,7271,21522,CRT,
7409,7272,21523,,
7410,7273,21524,IMD,IMD
7411,7274,21525,IMD,IMD
7412,7275,21526,md,
7413,7276,21527,md,
7414,7277,21528,md,
7415,7278,21529,nnp,
7416,7279,21530,,
7417,7280,21531,md,
7418,7281,21532,,
7419,7282,21533,MDS,
7420,7283,21534,,
7421,7284,21535,MD,
7422,7285,21536,MDs,Resident/Fellow/PA/NP
7423,7286,21537,MDs,Resident/Fellow/PA/NP
7424,7287,21538,RN,
7425,7288,21539,MedSt,
7426,7289,21540,CO-Op,
7427,7290,21541,UA,UCO
7428,7291,21542,,
7429,7292,21543,RO,Read Only
7430,7293,21544,MDs,Resident/Fellow/PA/NP
7431,7294,21545,MS,RN
7432,7295,21546,MDs,
7433,7296,21547,Res,Resident/Fellow/PA/NP
7434,7297,21548,DO,Read Only
7435,7298,21549,,
7436,7299,21550,RN,
7437,7300,21551,Res,Resident/Fellow/PA/NP
7438,7301,21552,,
7439,7302,21553,,
7440,7303,21554,,
7441,7304,21555,,
7442,7305,21556,cda,
7443,7306,21557,,
7444,7307,21558,RN,
7445,7308,21559,RO,Read Only
7446,7309,21560,,
7447,7310,21561,Res,Resident/Fellow/PA/NP
7448,7311,21562,rrt,
7449,7312,21563,RN,
7450,7313,21564,RN,
7451,7314,21565,,
7452,7315,21566,MD,
7453,7316,21567,Res,Resident/Fellow/PA/NP
7454,7317,21568,Rehab,Rehabilitation
7455,7318,21569,MDs,
7456,7319,21570,,
7457,6195,20198,MD,Resident/Fellow/PA/NP
7458,6196,20199,Res,Resident/Fellow/PA/NP
7459,6197,20200,MD,
7460,6198,20201,RO,Read Only
7461,6199,20202,Res,Resident/Fellow/PA/NP
7462,6200,20203,Res,Resident/Fellow/PA/NP
7463,6201,20204,MD,
7464,6202,20205,MedSt,
7465,6203,20206,Res,Resident/Fellow/PA/NP
7466,6204,20207,Res,Resident/Fellow/PA/NP
7467,6205,20208,Rehab,Rehabilitation
7468,6206,20209,MD,Resident/Fellow/PA/NP
7469,6207,20210,RO,Read Only
7470,6208,20211,RRT,
7471,6209,20212,Res,Resident/Fellow/PA/NP
7472,6210,20213,MSV,
7473,6211,20214,RN,RN
7474,6212,20215,Res,Resident/Fellow/PA/NP
7475,6213,20216,RO,Read Only
7476,6214,20217,MD,
7477,6215,20218,RN,RN
7478,6216,20219,CoWkr,
7479,6217,20220,RN,RN
7480,6218,20221,RN,
7481,6219,20222,RO,Read Only
7482,6220,20223,MD,
7483,6221,20224,CoWker,
7484,6222,20225,RO,Read Only
7485,6223,20226,Res,Resident/Fellow/PA/NP
7486,6224,20227,MedStu,
7487,6225,20228,MD,
7488,6226,20229,MD,
7489,6227,20230,MD,
7490,6228,20231,RO,Read Only
7491,6229,20232,PCA,
7492,6230,20233,STD,
7493,6231,20234,RO,Read Only
7494,6232,20235,MSIV,
7495,6233,20236,MD,
7496,6234,20237,MD,
7497,6235,20238,RO,Read Only
7498,6236,20239,RD,Dietitian
7499,6237,20240,RRT,
7500,6238,20241,MD,Resident/Fellow/PA/NP
7501,6239,20242,St,
7502,6240,20243,RO,Read Only
7503,6241,20244,RRT,
7504,6242,20245,RO,Read Only
7505,6243,20246,Res,Resident/Fellow/PA/NP
7506,6244,20247,MD,
7507,6245,20248,DI,
7508,6246,20249,RD,Dietitian
7509,6247,20250,Res,Resident/Fellow/PA/NP
7510,6248,20251,MD,Attending
7511,6249,20252,MD,
7512,6250,20253,MD,
7513,6251,20254,RO,Read Only
7514,6252,20255,Rehab,Rehabilitation
7515,6253,20256,RN,
7516,6254,20257,RN,
7517,6255,20258,NP,Read Only
7518,6256,20259,Admin,
7519,6257,20260,RO,Read Only
7520,6258,20261,MD,Resident/Fellow/PA/NP
7521,6259,20262,RN,
7522,6260,20263,RO,Read Only
7523,6261,20264,RN,
7524,6262,20265,RO,Read Only
7525,6263,20266,MD,
7526,6264,20267,RO,Read Only
7527,6265,20268,MS,Read Only
7528,6266,20269,PCT,PCT/NA
7529,6267,20270,Res,Resident/Fellow/PA/NP
7530,6268,20271,MS,
7531,6269,20272,MD,Resident/Fellow/PA/NP
7532,6270,20273,MD,
7533,6271,20274,MD,
7534,6272,20275,MD,
7535,6273,20276,Rehab,Rehabilitation
7536,6274,20277,PCT,PCT/NA
7537,6275,20278,UCO,UCO
7538,6276,20279,Res,Resident/Fellow/PA/NP
7539,6277,20280,PCT,PCT/NA
7540,6278,20281,MD,
7541,6279,20282,RN,
7542,6280,20283,MD,
7543,6281,20284,PCT,PCT/NA
7544,6282,20285,MD,
7545,6283,20286,RO,Read Only
7546,6284,20287,RO,Read Only
7547,6285,20288,RPH,
7548,6286,20289,DI,Dietitian
7549,6287,20290,RRT,Respiratory
7550,6288,20291,MD,
7551,6289,20292,PCA,
7552,6290,20293,MD,Resident/Fellow/PA/NP
7553,6291,20294,MD,
7554,6292,20295,RN,
7555,6293,20296,RN,
7556,6294,20297,RN,
7557,6295,20298,RO,Read Only
7558,6296,20299,RN,
7559,6297,20300,RO,Read Only
7560,6298,20301,MDs,Resident/Fellow/PA/NP
7561,6299,20302,MD,
7562,6300,20303,MD,
7563,6301,20304,RN,RN
7564,6302,20305,MDs,
7565,6303,20306,RPH,Pharmacist
7566,6304,20307,RO,Read Only
